{"files": [{"path": "c/0007-shuzu/0001-shuzudigainian.md", "rname": "0001-\u6570\u7ec4\u7684\u6982\u5ff5.md", "mtime": 1449382336.0, "mode": "file", "name": "0001-shuzudigainian.md"}, {"path": "c/0007-shuzu/0002-yiweishuzu.md", "rname": "0002-\u4e00\u7ef4\u6570\u7ec4.md", "mtime": 1449382377.0, "mode": "file", "name": "0002-yiweishuzu.md"}, {"path": "c/0007-shuzu/0003-erweishuzu.md", "rname": "0003-\u4e8c\u7ef4\u6570\u7ec4.md", "mtime": 1449384706.0, "mode": "file", "name": "0003-erweishuzu.md"}, {"path": "c/0007-shuzu/0004-zifushuzu.md", "rname": "0004-\u5b57\u7b26\u6570\u7ec4.md", "mtime": 1449384718.0, "mode": "file", "name": "0004-zifushuzu.md"}, {"path": "c/0007-shuzu/0005-zifushuzuyuzifuchuan.md", "rname": "0005-\u5b57\u7b26\u6570\u7ec4\u4e0e\u5b57\u7b26\u4e32.md", "mtime": 1448896504.0, "mode": "file", "name": "0005-zifushuzuyuzifuchuan.md"}, {"path": "c/0007-shuzu/0006-zifushuzudishurushuchu.md", "rname": "0006-\u5b57\u7b26\u6570\u7ec4\u7684\u8f93\u5165\u8f93\u51fa.md", "mtime": 1449384762.0, "mode": "file", "name": "0006-zifushuzudishurushuchu.md"}, {"path": "c/0007-shuzu/0007-zifuchuanchulihanshu.md", "rname": "0007-\u5b57\u7b26\u4e32\u5904\u7406\u51fd\u6570.md", "mtime": 1448896504.0, "mode": "file", "name": "0007-zifuchuanchulihanshu.md"}, {"path": "c/0007-shuzu/0008-erweizifushuzu.md", "rname": "0008-\u4e8c\u7ef4\u5b57\u7b26\u6570\u7ec4.md", "mtime": 1448896504.0, "mode": "file", "name": "0008-erweizifushuzu.md"}], "rname": "0007-\u6570\u7ec4", "name": "0007-shuzu", "mode": "tree", "mtime": 1448821236.0, "path": "c/0007-shuzu"}