{"files": [{"path": "c/0002-shujuleixing,yunsuanfuyubiaodashi/0001-shujuleixing,yunsuanfuyubiaodashi.md", "rname": "0001-\u6570\u636e\u7c7b\u578b,\u8fd0\u7b97\u7b26\u4e0e\u8868\u8fbe\u5f0f.md", "mtime": 1448898640.0, "mode": "file", "name": "0001-shujuleixing,yunsuanfuyubiaodashi.md"}, {"path": "c/0002-shujuleixing,yunsuanfuyubiaodashi/0002-biaoshifu.md", "rname": "0002-\u6807\u8bc6\u7b26.md", "mtime": 1448898504.0, "mode": "file", "name": "0002-biaoshifu.md"}, {"path": "c/0002-shujuleixing,yunsuanfuyubiaodashi/0003-jibenshujuleixing.md", "rname": "0003-\u57fa\u672c\u6570\u636e\u7c7b\u578b.md", "mtime": 1448898669.0, "mode": "file", "name": "0003-jibenshujuleixing.md"}, {"path": "c/0002-shujuleixing,yunsuanfuyubiaodashi/0004-shuzhichangliang.md", "rname": "0004-\u6570\u503c\u5e38\u91cf.md", "mtime": 1448898776.0, "mode": "file", "name": "0004-shuzhichangliang.md"}, {"path": "c/0002-shujuleixing,yunsuanfuyubiaodashi/0005-zifuxingchangliang.md", "rname": "0005-\u5b57\u7b26\u578b\u5e38\u91cf.md", "mtime": 1448898829.0, "mode": "file", "name": "0005-zifuxingchangliang.md"}, {"path": "c/0002-shujuleixing,yunsuanfuyubiaodashi/0006-bianliang.md", "rname": "0006-\u53d8\u91cf.md", "mtime": 1448899638.0, "mode": "file", "name": "0006-bianliang.md"}, {"path": "c/0002-shujuleixing,yunsuanfuyubiaodashi/0007-leixingxiushifu.md", "rname": "0007-\u7c7b\u578b\u4fee\u9970\u7b26.md", "mtime": 1448899658.0, "mode": "file", "name": "0007-leixingxiushifu.md"}, {"path": "c/0002-shujuleixing,yunsuanfuyubiaodashi/0008-yunsuanfuhebiaodashi.md", "rname": "0008-\u8fd0\u7b97\u7b26\u548c\u8868\u8fbe\u5f0f.md", "mtime": 1448896504.0, "mode": "file", "name": "0008-yunsuanfuhebiaodashi.md"}, {"path": "c/0002-shujuleixing,yunsuanfuyubiaodashi/0009-yunsuanfudizhonglei.md", "rname": "0009-\u8fd0\u7b97\u7b26\u7684\u79cd\u7c7b.md", "mtime": 1449071228.0, "mode": "file", "name": "0009-yunsuanfudizhonglei.md"}, {"path": "c/0002-shujuleixing,yunsuanfuyubiaodashi/0010-youxianjihejiehexing.md", "rname": "0010-\u4f18\u5148\u7ea7\u548c\u7ed3\u5408\u6027.md", "mtime": 1448896504.0, "mode": "file", "name": "0010-youxianjihejiehexing.md"}, {"path": "c/0002-shujuleixing,yunsuanfuyubiaodashi/0011-suanshuyunsuanfuhesuanshubiaodashi.md", "rname": "0011-\u7b97\u672f\u8fd0\u7b97\u7b26\u548c\u7b97\u672f\u8868\u8fbe\u5f0f.md", "mtime": 1448899908.0, "mode": "file", "name": "0011-suanshuyunsuanfuhesuanshubiaodashi.md"}, {"path": "c/0002-shujuleixing,yunsuanfuyubiaodashi/0012-guanxiyunsuanfujibiaodashi.md", "rname": "0012-\u5173\u7cfb\u8fd0\u7b97\u7b26\u53ca\u8868\u8fbe\u5f0f.md", "mtime": 1448896504.0, "mode": "file", "name": "0012-guanxiyunsuanfujibiaodashi.md"}, {"path": "c/0002-shujuleixing,yunsuanfuyubiaodashi/0013-luojiyunsuanfuyuluojibiaodashi.md", "rname": "0013-\u903b\u8f91\u8fd0\u7b97\u7b26\u4e0e\u903b\u8f91\u8868\u8fbe\u5f0f.md", "mtime": 1448899839.0, "mode": "file", "name": "0013-luojiyunsuanfuyuluojibiaodashi.md"}, {"path": "c/0002-shujuleixing,yunsuanfuyubiaodashi/0014-fuhefuzhifujibiaodashi.md", "rname": "0014-\u590d\u5408\u8d4b\u503c\u7b26\u53ca\u8868\u8fbe\u5f0f.md", "mtime": 1448896504.0, "mode": "file", "name": "0014-fuhefuzhifujibiaodashi.md"}, {"path": "c/0002-shujuleixing,yunsuanfuyubiaodashi/0015-tiaojianyunsuanfuyutiaojianbiaodashi.md", "rname": "0015-\u6761\u4ef6\u8fd0\u7b97\u7b26\u4e0e\u6761\u4ef6\u8868\u8fbe\u5f0f.md", "mtime": 1448896504.0, "mode": "file", "name": "0015-tiaojianyunsuanfuyutiaojianbiaodashi.md"}, {"path": "c/0002-shujuleixing,yunsuanfuyubiaodashi/0016-douhaoyunsuanfuhedouhaobiaodashi.md", "rname": "0016-\u9017\u53f7\u8fd0\u7b97\u7b26\u548c\u9017\u53f7\u8868\u8fbe\u5f0f.md", "mtime": 1448899916.0, "mode": "file", "name": "0016-douhaoyunsuanfuhedouhaobiaodashi.md"}, {"path": "c/0002-shujuleixing,yunsuanfuyubiaodashi/0017-shujuleixingzhuanhuan.md", "rname": "0017-\u6570\u636e\u7c7b\u578b\u8f6c\u6362.md", "mtime": 1448899943.0, "mode": "file", "name": "0017-shujuleixingzhuanhuan.md"}], "rname": "0002-\u6570\u636e\u7c7b\u578b,\u8fd0\u7b97\u7b26\u4e0e\u8868\u8fbe\u5f0f", "name": "0002-shujuleixing,yunsuanfuyubiaodashi", "mode": "tree", "mtime": 1452879197.0, "path": "c/0002-shujuleixing,yunsuanfuyubiaodashi"}