{"files": [{"path": "c/0005-hanshu/0001-hanshu.md", "rname": "0001-\u51fd\u6570.md", "mtime": 1449071587.0, "mode": "file", "name": "0001-hanshu.md"}, {"path": "c/0005-hanshu/0002-hanshudingyi.md", "rname": "0002-\u51fd\u6570\u5b9a\u4e49.md", "mtime": 1449071673.0, "mode": "file", "name": "0002-hanshudingyi.md"}, {"path": "c/0005-hanshu/0003-fanhuiyuju.md", "rname": "0003-\u8fd4\u56de\u8bed\u53e5.md", "mtime": 1449071833.0, "mode": "file", "name": "0003-fanhuiyuju.md"}, {"path": "c/0005-hanshu/0004-hanshuditiaoyong.md", "rname": "0004-\u51fd\u6570\u7684\u8c03\u7528.md", "mtime": 1449071923.0, "mode": "file", "name": "0004-hanshuditiaoyong.md"}, {"path": "c/0005-hanshu/0005-tiaoyonghanshuhebeitiaoyonghanshuzhijiandishujuchuandi.md", "rname": "0005-\u8c03\u7528\u51fd\u6570\u548c\u88ab\u8c03\u7528\u51fd\u6570\u4e4b\u95f4\u7684\u6570\u636e\u4f20\u9012.md", "mtime": 1449071960.0, "mode": "file", "name": "0005-tiaoyonghanshuhebeitiaoyonghanshuzhijiandishujuchuandi.md"}, {"path": "c/0005-hanshu/0006-bianliangdizuoyongyu.md", "rname": "0006-\u53d8\u91cf\u7684\u4f5c\u7528\u57df.md", "mtime": 1449072014.0, "mode": "file", "name": "0006-bianliangdizuoyongyu.md"}, {"path": "c/0005-hanshu/0007-bianliangdishengcunqi.md", "rname": "0007-\u53d8\u91cf\u7684\u751f\u5b58\u671f.md", "mtime": 1449072072.0, "mode": "file", "name": "0007-bianliangdishengcunqi.md"}], "rname": "0005-\u51fd\u6570", "name": "0005-hanshu", "mode": "tree", "mtime": 1448821236.0, "path": "c/0005-hanshu"}