{"files": [{"path": "c/0001-Cyuyanjichu", "rname": "0001-C\u8bed\u8a00\u57fa\u7840", "mtime": 1452880822.0, "mode": "tree", "name": "0001-Cyuyanjichu"}, {"path": "c/0002-shujuleixing,yunsuanfuyubiaodashi", "rname": "0002-\u6570\u636e\u7c7b\u578b,\u8fd0\u7b97\u7b26\u4e0e\u8868\u8fbe\u5f0f", "mtime": 1452879197.0, "mode": "tree", "name": "0002-shujuleixing,yunsuanfuyubiaodashi"}, {"path": "c/0003-jibenyujuyushurushuchu", "rname": "0003-\u57fa\u672c\u8bed\u53e5\u4e0e\u8f93\u5165\u8f93\u51fa", "mtime": 1448821236.0, "mode": "tree", "name": "0003-jibenyujuyushurushuchu"}, {"path": "c/0004-liuchengkongzhi", "rname": "0004-\u6d41\u7a0b\u63a7\u5236", "mtime": 1452879197.0, "mode": "tree", "name": "0004-liuchengkongzhi"}, {"path": "c/0005-hanshu", "rname": "0005-\u51fd\u6570", "mtime": 1448821236.0, "mode": "tree", "name": "0005-hanshu"}, {"path": "c/0006-bianyiyuchuli", "rname": "0006-\u7f16\u8bd1\u9884\u5904\u7406", "mtime": 1448821236.0, "mode": "tree", "name": "0006-bianyiyuchuli"}, {"path": "c/0007-shuzu", "rname": "0007-\u6570\u7ec4", "mtime": 1448821236.0, "mode": "tree", "name": "0007-shuzu"}, {"path": "c/0008-Cyuyanbiaozhunku", "rname": "0008-C\u8bed\u8a00\u6807\u51c6\u5e93", "mtime": 1452879198.0, "mode": "tree", "name": "0008-Cyuyanbiaozhunku"}, {"path": "c/0009-IOhanshu", "rname": "0009-IO\u51fd\u6570", "mtime": 1452879198.0, "mode": "tree", "name": "0009-IOhanshu"}, {"path": "c/0010-zifuchulihanshu", "rname": "0010-\u5b57\u7b26\u5904\u7406\u51fd\u6570", "mtime": 1452879198.0, "mode": "tree", "name": "0010-zifuchulihanshu"}, {"path": "c/0011-zifuchuanhanshu", "rname": "0011-\u5b57\u7b26\u4e32\u51fd\u6570", "mtime": 1452879198.0, "mode": "tree", "name": "0011-zifuchuanhanshu"}], "rname": "c", "name": "c", "mode": "tree", "mtime": 1452954517.0, "path": "c"}