{"files": [{"path": "c/0006-bianyiyuchuli/0001-bianyiyuchuli.md", "rname": "0001-\u7f16\u8bd1\u9884\u5904\u7406.md", "mtime": 1449381582.0, "mode": "file", "name": "0001-bianyiyuchuli.md"}, {"path": "c/0006-bianyiyuchuli/0002-budaicanshudihongdingyi.md", "rname": "0002-\u4e0d\u5e26\u53c2\u6570\u7684\u5b8f\u5b9a\u4e49.md", "mtime": 1448896504.0, "mode": "file", "name": "0002-budaicanshudihongdingyi.md"}, {"path": "c/0006-bianyiyuchuli/0003-daicanshudihongdingyi.md", "rname": "0003-\u5e26\u53c2\u6570\u7684\u5b8f\u5b9a\u4e49.md", "mtime": 1449381760.0, "mode": "file", "name": "0003-daicanshudihongdingyi.md"}, {"path": "c/0006-bianyiyuchuli/0004-wenjianbaohan.md", "rname": "0004-\u6587\u4ef6\u5305\u542b.md", "mtime": 1449381801.0, "mode": "file", "name": "0004-wenjianbaohan.md"}, {"path": "c/0006-bianyiyuchuli/0005-tiaojianbianyi.md", "rname": "0005-\u6761\u4ef6\u7f16\u8bd1.md", "mtime": 1449381974.0, "mode": "file", "name": "0005-tiaojianbianyi.md"}, {"path": "c/0006-bianyiyuchuli/0006-yudingyihong.md", "rname": "0006-\u9884\u5b9a\u4e49\u5b8f.md", "mtime": 1448896504.0, "mode": "file", "name": "0006-yudingyihong.md"}, {"path": "c/0006-bianyiyuchuli/0007-yunsuanfu#he##.md", "rname": "0007-\u8fd0\u7b97\u7b26#\u548c##.md", "mtime": 1448896504.0, "mode": "file", "name": "0007-yunsuanfu#he##.md"}], "rname": "0006-\u7f16\u8bd1\u9884\u5904\u7406", "name": "0006-bianyiyuchuli", "mode": "tree", "mtime": 1448821236.0, "path": "c/0006-bianyiyuchuli"}