{"files": [{"path": "c/0009-IOhanshu/0001-clearerr fuweicuowubiaozhihanshu.md", "rname": "0001-clearerr \u590d\u4f4d\u9519\u8bef\u6807\u5fd7\u51fd\u6570.md", "mtime": 1450677775.0, "mode": "file", "name": "0001-clearerr fuweicuowubiaozhihanshu.md"}, {"path": "c/0009-IOhanshu/0002-feof jiancewenjianjieshufuhanshu.md", "rname": "0002-feof \u68c0\u6d4b\u6587\u4ef6\u7ed3\u675f\u7b26\u51fd\u6570.md", "mtime": 1450677782.0, "mode": "file", "name": "0002-feof jiancewenjianjieshufuhanshu.md"}, {"path": "c/0009-IOhanshu/0003-ferror jianceliushangdicuowuhanshu.md", "rname": "0003-ferror \u68c0\u6d4b\u6d41\u4e0a\u7684\u9519\u8bef\u51fd\u6570.md", "mtime": 1450677789.0, "mode": "file", "name": "0003-ferror jianceliushangdicuowuhanshu.md"}, {"path": "c/0009-IOhanshu/0004-fflush qingchuwenjianhuanchongquhanshu.md", "rname": "0004-fflush \u6e05\u9664\u6587\u4ef6\u7f13\u51b2\u533a\u51fd\u6570.md", "mtime": 1450677815.0, "mode": "file", "name": "0004-fflush qingchuwenjianhuanchongquhanshu.md"}, {"path": "c/0009-IOhanshu/0005-fgetc congliuzhongduquzifuhanshu.md", "rname": "0005-fgetc \u4ece\u6d41\u4e2d\u8bfb\u53d6\u5b57\u7b26\u51fd\u6570.md", "mtime": 1450677836.0, "mode": "file", "name": "0005-fgetc congliuzhongduquzifuhanshu.md"}, {"path": "c/0009-IOhanshu/0006-fgetpos qudedangqianwenjiandijubinghanshu.md", "rname": "0006-fgetpos \u53d6\u5f97\u5f53\u524d\u6587\u4ef6\u7684\u53e5\u67c4\u51fd\u6570.md", "mtime": 1450677843.0, "mode": "file", "name": "0006-fgetpos qudedangqianwenjiandijubinghanshu.md"}, {"path": "c/0009-IOhanshu/0007-fgets congliuzhongduquzifuchuanhanshu.md", "rname": "0007-fgets \u4ece\u6d41\u4e2d\u8bfb\u53d6\u5b57\u7b26\u4e32\u51fd\u6570.md", "mtime": 1450677850.0, "mode": "file", "name": "0007-fgets congliuzhongduquzifuchuanhanshu.md"}, {"path": "c/0009-IOhanshu/0008-fopen,fclose wenjiandidakaiyuguanbihanshu.md", "rname": "0008-fopen,fclose \u6587\u4ef6\u7684\u6253\u5f00\u4e0e\u5173\u95ed\u51fd\u6570.md", "mtime": 1450677862.0, "mode": "file", "name": "0008-fopen,fclose wenjiandidakaiyuguanbihanshu.md"}, {"path": "c/0009-IOhanshu/0009-fprintf geshihuashuchuhanshu.md", "rname": "0009-fprintf \u683c\u5f0f\u5316\u8f93\u51fa\u51fd\u6570.md", "mtime": 1450677897.0, "mode": "file", "name": "0009-fprintf geshihuashuchuhanshu.md"}, {"path": "c/0009-IOhanshu/0010-fputc xiangliuzhongshuchuzifuhanshu.md", "rname": "0010-fputc \u5411\u6d41\u4e2d\u8f93\u51fa\u5b57\u7b26\u51fd\u6570.md", "mtime": 1450678046.0, "mode": "file", "name": "0010-fputc xiangliuzhongshuchuzifuhanshu.md"}, {"path": "c/0009-IOhanshu/0011-fputs xiangliuzhongshuchuzifuchuanhanshu.md", "rname": "0011-fputs \u5411\u6d41\u4e2d\u8f93\u51fa\u5b57\u7b26\u4e32\u51fd\u6570.md", "mtime": 1450678051.0, "mode": "file", "name": "0011-fputs xiangliuzhongshuchuzifuchuanhanshu.md"}, {"path": "c/0009-IOhanshu/0012-fread congliuzhongduquzifuchuanhanshu.md", "rname": "0012-fread \u4ece\u6d41\u4e2d\u8bfb\u53d6\u5b57\u7b26\u4e32\u51fd\u6570.md", "mtime": 1450678063.0, "mode": "file", "name": "0012-fread congliuzhongduquzifuchuanhanshu.md"}, {"path": "c/0009-IOhanshu/0013-freopen tihuanwenjianzhongshujuliuhanshu.md", "rname": "0013-freopen \u66ff\u6362\u6587\u4ef6\u4e2d\u6570\u636e\u6d41\u51fd\u6570.md", "mtime": 1450678071.0, "mode": "file", "name": "0013-freopen tihuanwenjianzhongshujuliuhanshu.md"}, {"path": "c/0009-IOhanshu/0014-fscanf geshihuashuruhanshu.md", "rname": "0014-fscanf \u683c\u5f0f\u5316\u8f93\u5165\u51fd\u6570.md", "mtime": 1450678093.0, "mode": "file", "name": "0014-fscanf geshihuashuruhanshu.md"}, {"path": "c/0009-IOhanshu/0015-fseek wenjianzhizhendingweihanshu.md", "rname": "0015-fseek \u6587\u4ef6\u6307\u9488\u5b9a\u4f4d\u51fd\u6570.md", "mtime": 1450678109.0, "mode": "file", "name": "0015-fseek wenjianzhizhendingweihanshu.md"}, {"path": "c/0009-IOhanshu/0016-fsetpos dingweiliushangdiwenjianzhizhenhanshu.md", "rname": "0016-fsetpos \u5b9a\u4f4d\u6d41\u4e0a\u7684\u6587\u4ef6\u6307\u9488\u51fd\u6570.md", "mtime": 1450678116.0, "mode": "file", "name": "0016-fsetpos dingweiliushangdiwenjianzhizhenhanshu.md"}, {"path": "c/0009-IOhanshu/0017-ftell fanhuidangqianwenjianzhizhenweizhihanshu.md", "rname": "0017-ftell \u8fd4\u56de\u5f53\u524d\u6587\u4ef6\u6307\u9488\u4f4d\u7f6e\u51fd\u6570.md", "mtime": 1450678121.0, "mode": "file", "name": "0017-ftell fanhuidangqianwenjianzhizhenweizhihanshu.md"}, {"path": "c/0009-IOhanshu/0018-fwrite xiangwenjianxierushujuhanshu.md", "rname": "0018-fwrite \u5411\u6587\u4ef6\u5199\u5165\u6570\u636e\u51fd\u6570.md", "mtime": 1450678127.0, "mode": "file", "name": "0018-fwrite xiangwenjianxierushujuhanshu.md"}, {"path": "c/0009-IOhanshu/0019-getc congliuzhongduquzifuhanshu.md", "rname": "0019-getc \u4ece\u6d41\u4e2d\u8bfb\u53d6\u5b57\u7b26\u51fd\u6570.md", "mtime": 1450678133.0, "mode": "file", "name": "0019-getc congliuzhongduquzifuhanshu.md"}, {"path": "c/0009-IOhanshu/0020-getchar congbiaozhunshuruwenjianzhongduquzifuhanshu.md", "rname": "0020-getchar \u4ece\u6807\u51c6\u8f93\u5165\u6587\u4ef6\u4e2d\u8bfb\u53d6\u5b57\u7b26\u51fd\u6570.md", "mtime": 1450678164.0, "mode": "file", "name": "0020-getchar congbiaozhunshuruwenjianzhongduquzifuhanshu.md"}, {"path": "c/0009-IOhanshu/0021-gets congbiaozhunshuruwenjianzhongduquzifuchuanhanshu.md", "rname": "0021-gets \u4ece\u6807\u51c6\u8f93\u5165\u6587\u4ef6\u4e2d\u8bfb\u53d6\u5b57\u7b26\u4e32\u51fd\u6570.md", "mtime": 1450678169.0, "mode": "file", "name": "0021-gets congbiaozhunshuruwenjianzhongduquzifuchuanhanshu.md"}, {"path": "c/0009-IOhanshu/0022-perror dayinxitongcuowuxinxihanshu.md", "rname": "0022-perror \u6253\u5370\u7cfb\u7edf\u9519\u8bef\u4fe1\u606f\u51fd\u6570.md", "mtime": 1450678175.0, "mode": "file", "name": "0022-perror dayinxitongcuowuxinxihanshu.md"}, {"path": "c/0009-IOhanshu/0023-printf chanshenggeshihuashuchudihanshu.md", "rname": "0023-printf \u4ea7\u751f\u683c\u5f0f\u5316\u8f93\u51fa\u7684\u51fd\u6570.md", "mtime": 1450678192.0, "mode": "file", "name": "0023-printf chanshenggeshihuashuchudihanshu.md"}, {"path": "c/0009-IOhanshu/0024-putc xiangzhidingliuzhongshuchuzifuhanshu.md", "rname": "0024-putc \u5411\u6307\u5b9a\u6d41\u4e2d\u8f93\u51fa\u5b57\u7b26\u51fd\u6570.md", "mtime": 1450678203.0, "mode": "file", "name": "0024-putc xiangzhidingliuzhongshuchuzifuhanshu.md"}, {"path": "c/0009-IOhanshu/0025-putchar xiangbiaozhunshuchuwenjianshangshuchuzifu.md", "rname": "0025-putchar \u5411\u6807\u51c6\u8f93\u51fa\u6587\u4ef6\u4e0a\u8f93\u51fa\u5b57\u7b26.md", "mtime": 1450678207.0, "mode": "file", "name": "0025-putchar xiangbiaozhunshuchuwenjianshangshuchuzifu.md"}, {"path": "c/0009-IOhanshu/0026-puts jiangzifuchuanshuchudaozhongduanhanshu.md", "rname": "0026-puts \u5c06\u5b57\u7b26\u4e32\u8f93\u51fa\u5230\u7ec8\u7aef\u51fd\u6570.md", "mtime": 1450678212.0, "mode": "file", "name": "0026-puts jiangzifuchuanshuchudaozhongduanhanshu.md"}, {"path": "c/0009-IOhanshu/0027-remove shanchuwenjianhanshu.md", "rname": "0027-remove \u5220\u9664\u6587\u4ef6\u51fd\u6570.md", "mtime": 1450678218.0, "mode": "file", "name": "0027-remove shanchuwenjianhanshu.md"}, {"path": "c/0009-IOhanshu/0028-rename zhongmingmingwenjianhanshu.md", "rname": "0028-rename \u91cd\u547d\u540d\u6587\u4ef6\u51fd\u6570.md", "mtime": 1450678223.0, "mode": "file", "name": "0028-rename zhongmingmingwenjianhanshu.md"}, {"path": "c/0009-IOhanshu/0029-rewind zhongzhiwenjianzhizhenhanshu.md", "rname": "0029-rewind \u91cd\u7f6e\u6587\u4ef6\u6307\u9488\u51fd\u6570.md", "mtime": 1450678234.0, "mode": "file", "name": "0029-rewind zhongzhiwenjianzhizhenhanshu.md"}, {"path": "c/0009-IOhanshu/0030-scanf geshihuashuruhanshu.md", "rname": "0030-scanf \u683c\u5f0f\u5316\u8f93\u5165\u51fd\u6570.md", "mtime": 1450678239.0, "mode": "file", "name": "0030-scanf geshihuashuruhanshu.md"}, {"path": "c/0009-IOhanshu/0031-setbuf,setvbuf zhidingwenjianliudihuanchongquhanshu.md", "rname": "0031-setbuf,setvbuf \u6307\u5b9a\u6587\u4ef6\u6d41\u7684\u7f13\u51b2\u533a\u51fd\u6570.md", "mtime": 1450678249.0, "mode": "file", "name": "0031-setbuf,setvbuf zhidingwenjianliudihuanchongquhanshu.md"}, {"path": "c/0009-IOhanshu/0032-sprintf xiangzifuchuanxierugeshihuashujuhanshu.md", "rname": "0032-sprintf \u5411\u5b57\u7b26\u4e32\u5199\u5165\u683c\u5f0f\u5316\u6570\u636e\u51fd\u6570.md", "mtime": 1450678256.0, "mode": "file", "name": "0032-sprintf xiangzifuchuanxierugeshihuashujuhanshu.md"}, {"path": "c/0009-IOhanshu/0033-sscanf conghuanchongquzhongdugeshihuazifuchuanhanshu.md", "rname": "0033-sscanf \u4ece\u7f13\u51b2\u533a\u4e2d\u8bfb\u683c\u5f0f\u5316\u5b57\u7b26\u4e32\u51fd\u6570.md", "mtime": 1450678262.0, "mode": "file", "name": "0033-sscanf conghuanchongquzhongdugeshihuazifuchuanhanshu.md"}, {"path": "c/0009-IOhanshu/0034-tmpfile chuangjianlinshiwenjianhanshu.md", "rname": "0034-tmpfile \u521b\u5efa\u4e34\u65f6\u6587\u4ef6\u51fd\u6570.md", "mtime": 1450678270.0, "mode": "file", "name": "0034-tmpfile chuangjianlinshiwenjianhanshu.md"}, {"path": "c/0009-IOhanshu/0035-tmpnam chuangjianlinshiwenjianminghanshu.md", "rname": "0035-tmpnam \u521b\u5efa\u4e34\u65f6\u6587\u4ef6\u540d\u51fd\u6570.md", "mtime": 1450678276.0, "mode": "file", "name": "0035-tmpnam chuangjianlinshiwenjianminghanshu.md"}, {"path": "c/0009-IOhanshu/0036-ungetc bazifutuihuidaoshuruliuhanshu.md", "rname": "0036-ungetc \u628a\u5b57\u7b26\u9000\u56de\u5230\u8f93\u5165\u6d41\u51fd\u6570.md", "mtime": 1450678634.0, "mode": "file", "name": "0036-ungetc bazifutuihuidaoshuruliuhanshu.md"}], "rname": "0009-IO\u51fd\u6570", "name": "0009-IOhanshu", "mode": "tree", "mtime": 1452879198.0, "path": "c/0009-IOhanshu"}