{"files": [{"path": "c/0011-zifuchuanhanshu/0001-atof zifuchuanzhuanfudianxinghanshu.md", "rname": "0001-atof \u5b57\u7b26\u4e32\u8f6c\u6d6e\u70b9\u578b\u51fd\u6570.md", "mtime": 1450679086.0, "mode": "file", "name": "0001-atof zifuchuanzhuanfudianxinghanshu.md"}, {"path": "c/0011-zifuchuanhanshu/0002-atoi zifuchuanzhuanzhengxinghanshu.md", "rname": "0002-atoi \u5b57\u7b26\u4e32\u8f6c\u6574\u578b\u51fd\u6570.md", "mtime": 1450679092.0, "mode": "file", "name": "0002-atoi zifuchuanzhuanzhengxinghanshu.md"}, {"path": "c/0011-zifuchuanhanshu/0003-atol zifuchuanzhuanchangzhengxinghanshu.md", "rname": "0003-atol \u5b57\u7b26\u4e32\u8f6c\u957f\u6574\u578b\u51fd\u6570.md", "mtime": 1450679097.0, "mode": "file", "name": "0003-atol zifuchuanzhuanchangzhengxinghanshu.md"}, {"path": "c/0011-zifuchuanhanshu/0004-memchr zifusousuohanshu.md", "rname": "0004-memchr \u5b57\u7b26\u641c\u7d22\u51fd\u6570.md", "mtime": 1450679115.0, "mode": "file", "name": "0004-memchr zifusousuohanshu.md"}, {"path": "c/0011-zifuchuanhanshu/0005-memcmp zifuchuanbijiaohanshu.md", "rname": "0005-memcmp \u5b57\u7b26\u4e32\u6bd4\u8f83\u51fd\u6570.md", "mtime": 1450679123.0, "mode": "file", "name": "0005-memcmp zifuchuanbijiaohanshu.md"}, {"path": "c/0011-zifuchuanhanshu/0006-memcpy  zifuchuankaobeihanshu.md", "rname": "0006-memcpy  \u5b57\u7b26\u4e32\u62f7\u8d1d\u51fd\u6570.md", "mtime": 1450679133.0, "mode": "file", "name": "0006-memcpy  zifuchuankaobeihanshu.md"}, {"path": "c/0011-zifuchuanhanshu/0007-memmove  zikuaiyidonghanshu.md", "rname": "0007-memmove  \u5b57\u5757\u79fb\u52a8\u51fd\u6570.md", "mtime": 1450679140.0, "mode": "file", "name": "0007-memmove  zikuaiyidonghanshu.md"}, {"path": "c/0011-zifuchuanhanshu/0008-memset zifujiazaihanshu.md", "rname": "0008-memset \u5b57\u7b26\u52a0\u8f7d\u51fd\u6570.md", "mtime": 1450679150.0, "mode": "file", "name": "0008-memset zifujiazaihanshu.md"}, {"path": "c/0011-zifuchuanhanshu/0009-strcat zifuchuanlianjiehanshu.md", "rname": "0009-strcat \u5b57\u7b26\u4e32\u8fde\u63a5\u51fd\u6570.md", "mtime": 1450679159.0, "mode": "file", "name": "0009-strcat zifuchuanlianjiehanshu.md"}, {"path": "c/0011-zifuchuanhanshu/0010-strchr zifuchuanzhongzifushoucipipeihanshu.md", "rname": "0010-strchr \u5b57\u7b26\u4e32\u4e2d\u5b57\u7b26\u9996\u6b21\u5339\u914d\u51fd\u6570.md", "mtime": 1450679490.0, "mode": "file", "name": "0010-strchr zifuchuanzhongzifushoucipipeihanshu.md"}, {"path": "c/0011-zifuchuanhanshu/0011-strcmp zifuchuanbijiaohanshu.md", "rname": "0011-strcmp \u5b57\u7b26\u4e32\u6bd4\u8f83\u51fd\u6570.md", "mtime": 1450679511.0, "mode": "file", "name": "0011-strcmp zifuchuanbijiaohanshu.md"}, {"path": "c/0011-zifuchuanhanshu/0012-strcpy zifuchuankaobeihanshu.md", "rname": "0012-strcpy \u5b57\u7b26\u4e32\u62f7\u8d1d\u51fd\u6570.md", "mtime": 1450679529.0, "mode": "file", "name": "0012-strcpy zifuchuankaobeihanshu.md"}, {"path": "c/0011-zifuchuanhanshu/0013-strcspn zifujinipipeihanshu.md", "rname": "0013-strcspn \u5b57\u7b26\u96c6\u9006\u5339\u914d\u51fd\u6570.md", "mtime": 1450679550.0, "mode": "file", "name": "0013-strcspn zifujinipipeihanshu.md"}, {"path": "c/0011-zifuchuanhanshu/0014-strdup zifuchuanxinjiankaobeihanshu.md", "rname": "0014-strdup \u5b57\u7b26\u4e32\u65b0\u5efa\u62f7\u8d1d\u51fd\u6570.md", "mtime": 1450679562.0, "mode": "file", "name": "0014-strdup zifuchuanxinjiankaobeihanshu.md"}, {"path": "c/0011-zifuchuanhanshu/0015-strerror zifuchuancuowuxinxihanshu.md", "rname": "0015-strerror \u5b57\u7b26\u4e32\u9519\u8bef\u4fe1\u606f\u51fd\u6570.md", "mtime": 1450679576.0, "mode": "file", "name": "0015-strerror zifuchuancuowuxinxihanshu.md"}, {"path": "c/0011-zifuchuanhanshu/0016-strlen jisuanzifuchuanchangduhanshu.md", "rname": "0016-strlen \u8ba1\u7b97\u5b57\u7b26\u4e32\u957f\u5ea6\u51fd\u6570.md", "mtime": 1450679588.0, "mode": "file", "name": "0016-strlen jisuanzifuchuanchangduhanshu.md"}, {"path": "c/0011-zifuchuanhanshu/0017-strlwr zifuchuanxiaoxiezhuanhuanhanshu.md", "rname": "0017-strlwr \u5b57\u7b26\u4e32\u5c0f\u5199\u8f6c\u6362\u51fd\u6570.md", "mtime": 1450679596.0, "mode": "file", "name": "0017-strlwr zifuchuanxiaoxiezhuanhuanhanshu.md"}, {"path": "c/0011-zifuchuanhanshu/0018-strncat zifuchuanlianjiehanshu.md", "rname": "0018-strncat \u5b57\u7b26\u4e32\u8fde\u63a5\u51fd\u6570.md", "mtime": 1450679603.0, "mode": "file", "name": "0018-strncat zifuchuanlianjiehanshu.md"}, {"path": "c/0011-zifuchuanhanshu/0019-strncmp zifuchuanzichuanbijiaohanshu.md", "rname": "0019-strncmp \u5b57\u7b26\u4e32\u5b50\u4e32\u6bd4\u8f83\u51fd\u6570.md", "mtime": 1450679612.0, "mode": "file", "name": "0019-strncmp zifuchuanzichuanbijiaohanshu.md"}, {"path": "c/0011-zifuchuanhanshu/0020-strncpy zifuchuanzichuankaobeihanshu.md", "rname": "0020-strncpy \u5b57\u7b26\u4e32\u5b50\u4e32\u62f7\u8d1d\u51fd\u6570.md", "mtime": 1450679630.0, "mode": "file", "name": "0020-strncpy zifuchuanzichuankaobeihanshu.md"}, {"path": "c/0011-zifuchuanhanshu/0021-strpbrk zifujizifupipeihanshu.md", "rname": "0021-strpbrk \u5b57\u7b26\u96c6\u5b57\u7b26\u5339\u914d\u51fd\u6570.md", "mtime": 1450679641.0, "mode": "file", "name": "0021-strpbrk zifujizifupipeihanshu.md"}, {"path": "c/0011-zifuchuanhanshu/0022-strrchr zifuchuanzhongzifumocipipeihanshu.md", "rname": "0022-strrchr \u5b57\u7b26\u4e32\u4e2d\u5b57\u7b26\u672b\u6b21\u5339\u914d\u51fd\u6570.md", "mtime": 1450679655.0, "mode": "file", "name": "0022-strrchr zifuchuanzhongzifumocipipeihanshu.md"}, {"path": "c/0011-zifuchuanhanshu/0023-strrev zifuchuandaozhuanhanshu.md", "rname": "0023-strrev \u5b57\u7b26\u4e32\u5012\u8f6c\u51fd\u6570.md", "mtime": 1450679662.0, "mode": "file", "name": "0023-strrev zifuchuandaozhuanhanshu.md"}, {"path": "c/0011-zifuchuanhanshu/0024-strset zifuchuanshedinghanshu.md", "rname": "0024-strset \u5b57\u7b26\u4e32\u8bbe\u5b9a\u51fd\u6570.md", "mtime": 1450679670.0, "mode": "file", "name": "0024-strset zifuchuanshedinghanshu.md"}, {"path": "c/0011-zifuchuanhanshu/0025-strspn zifujipipeihanshu.md", "rname": "0025-strspn \u5b57\u7b26\u96c6\u5339\u914d\u51fd\u6570.md", "mtime": 1450679682.0, "mode": "file", "name": "0025-strspn zifujipipeihanshu.md"}, {"path": "c/0011-zifuchuanhanshu/0026-strstr zifuchuanpipeihanshu.md", "rname": "0026-strstr \u5b57\u7b26\u4e32\u5339\u914d\u51fd\u6570.md", "mtime": 1450679691.0, "mode": "file", "name": "0026-strstr zifuchuanpipeihanshu.md"}, {"path": "c/0011-zifuchuanhanshu/0027-strtod zifuchuanzhuanhuanchengshuangjingduhanshu.md", "rname": "0027-strtod \u5b57\u7b26\u4e32\u8f6c\u6362\u6210\u53cc\u7cbe\u5ea6\u51fd\u6570.md", "mtime": 1450679703.0, "mode": "file", "name": "0027-strtod zifuchuanzhuanhuanchengshuangjingduhanshu.md"}, {"path": "c/0011-zifuchuanhanshu/0028-strtok zifuchuanfengehanshu.md", "rname": "0028-strtok \u5b57\u7b26\u4e32\u5206\u9694\u51fd\u6570.md", "mtime": 1450679717.0, "mode": "file", "name": "0028-strtok zifuchuanfengehanshu.md"}, {"path": "c/0011-zifuchuanhanshu/0029-strtol zifuchuanzhuanhuanchengchangzhengxinghanshu.md", "rname": "0029-strtol \u5b57\u7b26\u4e32\u8f6c\u6362\u6210\u957f\u6574\u578b\u51fd\u6570.md", "mtime": 1450679734.0, "mode": "file", "name": "0029-strtol zifuchuanzhuanhuanchengchangzhengxinghanshu.md"}, {"path": "c/0011-zifuchuanhanshu/0030-strtoul zifuchuanzhuanhuanchengwufuhaochangzhengxinghanshu.md", "rname": "0030-strtoul \u5b57\u7b26\u4e32\u8f6c\u6362\u6210\u65e0\u7b26\u53f7\u957f\u6574\u578b\u51fd\u6570.md", "mtime": 1450680832.0, "mode": "file", "name": "0030-strtoul zifuchuanzhuanhuanchengwufuhaochangzhengxinghanshu.md"}, {"path": "c/0011-zifuchuanhanshu/0031-strupr zifuchuandaxiezhuanhuanhanshu.md", "rname": "0031-strupr \u5b57\u7b26\u4e32\u5927\u5199\u8f6c\u6362\u51fd\u6570.md", "mtime": 1450680838.0, "mode": "file", "name": "0031-strupr zifuchuandaxiezhuanhuanhanshu.md"}, {"path": "c/0011-zifuchuanhanshu/0032-strupr zifuchuandaxiezhuanhuanhanshu.md", "rname": "0032-strupr \u5b57\u7b26\u4e32\u5927\u5199\u8f6c\u6362\u51fd\u6570.md", "mtime": 1450680844.0, "mode": "file", "name": "0032-strupr zifuchuandaxiezhuanhuanhanshu.md"}], "rname": "0011-\u5b57\u7b26\u4e32\u51fd\u6570", "name": "0011-zifuchuanhanshu", "mode": "tree", "mtime": 1452879198.0, "path": "c/0011-zifuchuanhanshu"}